ts-ui-dashboard.default,ts-ui-dashboard.default,71246.23264201982,1109,1983.2054131059767
ts-ui-dashboard.default,ts-auth-service.default,386078.6666666667,30,2174.554308499333
ts-ui-dashboard.default,ts-admin-order-service.default,10800.932432432435,74,40.37128759704402
ts-ui-dashboard.default,ts-order-service.default,12438.067307692305,104,186.23386559703877
ts-ui-dashboard.default,ts-order-other-service.default,9543.701923076922,104,393.215544523424
ts-ui-dashboard.default,ts-verification-code-service.default,5430.335423197492,319,211.82245219946412
ts-ui-dashboard.default,ts-station-service.default,0,0,0
ts-ui-dashboard.default,ts-travel-service.default,321208.14814814815,27,32257.210961770754
ts-ui-dashboard.default,ts-ticketinfo-service.default,0,0,0
ts-ui-dashboard.default,ts-basic-service.default,0,0,0
ts-ui-dashboard.default,ts-route-service.default,0,0,0
ts-ui-dashboard.default,ts-train-service.default,0,0,0
ts-ui-dashboard.default,ts-price-service.default,0,0,0
ts-ui-dashboard.default,ts-seat-service.default,0,0,0
ts-ui-dashboard.default,ts-config-service.default,0,0,0
ts-ui-dashboard.default,ts-food-service.default,60814.07692307692,26,6528.815384615385
ts-ui-dashboard.default,ts-food-map-service.default,0,0,0
ts-ui-dashboard.default,ts-contacts-service.default,19683.692307692305,26,2991.938461538461
ts-ui-dashboard.default,ts-travel-plan-service.default,1696016.6666666667,24,88941.54529682652
ts-ui-dashboard.default,ts-route-plan-service.default,0,0,0
ts-ui-dashboard.default,ts-travel2-service.default,0,0,0
ts-ui-dashboard.default,ts-assurance-service.default,10300.111111111111,27,1453.8307004610401
ts-ui-dashboard.default,ts-admin-travel-service.default,110557.25,24,9380.490073789137
ts-ui-dashboard.default,ts-consign-service.default,13447.28947368421,38,1318.6918663568065
ts-ui-dashboard.default,ts-admin-basic-info-service.default,8591.956521739134,115,299.9843633373926
ts-ui-dashboard.default,ts-admin-route-service.default,6979.833333333333,24,3.1624686131990307
ts-ui-dashboard.default,ts-admin-user-service.default,10292.847826086952,92,479.78401760706276
ts-ui-dashboard.default,ts-user-service.default,0,0,0
ts-ui-dashboard.default,ts-inside-payment-service.default,54881.72727272727,11,9999.035717516228
ts-ui-dashboard.default,ts-payment-service.default,0,0,0
ts-ui-dashboard.default,ts-execute-service.default,24171.636363636364,22,1162.744271137453
ts-ui-dashboard.default,ts-cancel-service.default,167044.0,22,34563.31341658859
ts-ui-dashboard.default,ts-notification-service.default,0,0,0
ts-auth-service.default,ts-ui-dashboard.default,0,0,0
ts-auth-service.default,ts-auth-service.default,3738.5,2,1536.5
ts-auth-service.default,ts-admin-order-service.default,0,0,0
ts-auth-service.default,ts-order-service.default,0,0,0
ts-auth-service.default,ts-order-other-service.default,0,0,0
ts-auth-service.default,ts-verification-code-service.default,1426.0,2,70.0
ts-auth-service.default,ts-station-service.default,0,0,0
ts-auth-service.default,ts-travel-service.default,0,0,0
ts-auth-service.default,ts-ticketinfo-service.default,0,0,0
ts-auth-service.default,ts-basic-service.default,0,0,0
ts-auth-service.default,ts-route-service.default,0,0,0
ts-auth-service.default,ts-train-service.default,0,0,0
ts-auth-service.default,ts-price-service.default,0,0,0
ts-auth-service.default,ts-seat-service.default,0,0,0
ts-auth-service.default,ts-config-service.default,0,0,0
ts-auth-service.default,ts-food-service.default,0,0,0
ts-auth-service.default,ts-food-map-service.default,0,0,0
ts-auth-service.default,ts-contacts-service.default,0,0,0
ts-auth-service.default,ts-travel-plan-service.default,0,0,0
ts-auth-service.default,ts-route-plan-service.default,0,0,0
ts-auth-service.default,ts-travel2-service.default,0,0,0
ts-auth-service.default,ts-assurance-service.default,0,0,0
ts-auth-service.default,ts-admin-travel-service.default,0,0,0
ts-auth-service.default,ts-consign-service.default,0,0,0
ts-auth-service.default,ts-admin-basic-info-service.default,0,0,0
ts-auth-service.default,ts-admin-route-service.default,0,0,0
ts-auth-service.default,ts-admin-user-service.default,0,0,0
ts-auth-service.default,ts-user-service.default,0,0,0
ts-auth-service.default,ts-inside-payment-service.default,0,0,0
ts-auth-service.default,ts-payment-service.default,0,0,0
ts-auth-service.default,ts-execute-service.default,0,0,0
ts-auth-service.default,ts-cancel-service.default,0,0,0
ts-auth-service.default,ts-notification-service.default,0,0,0
ts-admin-order-service.default,ts-ui-dashboard.default,0,0,0
ts-admin-order-service.default,ts-auth-service.default,0,0,0
ts-admin-order-service.default,ts-admin-order-service.default,3409.1788617886177,123,15.226198720614118
ts-admin-order-service.default,ts-order-service.default,2966.1486486486488,74,42.26925214617014
ts-admin-order-service.default,ts-order-other-service.default,2413.326530612245,49,0.8188947695648882
ts-admin-order-service.default,ts-verification-code-service.default,0,0,0
ts-admin-order-service.default,ts-station-service.default,0,0,0
ts-admin-order-service.default,ts-travel-service.default,0,0,0
ts-admin-order-service.default,ts-ticketinfo-service.default,0,0,0
ts-admin-order-service.default,ts-basic-service.default,0,0,0
ts-admin-order-service.default,ts-route-service.default,0,0,0
ts-admin-order-service.default,ts-train-service.default,0,0,0
ts-admin-order-service.default,ts-price-service.default,0,0,0
ts-admin-order-service.default,ts-seat-service.default,0,0,0
ts-admin-order-service.default,ts-config-service.default,0,0,0
ts-admin-order-service.default,ts-food-service.default,0,0,0
ts-admin-order-service.default,ts-food-map-service.default,0,0,0
ts-admin-order-service.default,ts-contacts-service.default,0,0,0
ts-admin-order-service.default,ts-travel-plan-service.default,0,0,0
ts-admin-order-service.default,ts-route-plan-service.default,0,0,0
ts-admin-order-service.default,ts-travel2-service.default,0,0,0
ts-admin-order-service.default,ts-assurance-service.default,0,0,0
ts-admin-order-service.default,ts-admin-travel-service.default,0,0,0
ts-admin-order-service.default,ts-consign-service.default,0,0,0
ts-admin-order-service.default,ts-admin-basic-info-service.default,0,0,0
ts-admin-order-service.default,ts-admin-route-service.default,0,0,0
ts-admin-order-service.default,ts-admin-user-service.default,0,0,0
ts-admin-order-service.default,ts-user-service.default,0,0,0
ts-admin-order-service.default,ts-inside-payment-service.default,0,0,0
ts-admin-order-service.default,ts-payment-service.default,0,0,0
ts-admin-order-service.default,ts-execute-service.default,0,0,0
ts-admin-order-service.default,ts-cancel-service.default,0,0,0
ts-admin-order-service.default,ts-notification-service.default,0,0,0
ts-order-service.default,ts-ui-dashboard.default,0,0,0
ts-order-service.default,ts-auth-service.default,0,0,0
ts-order-service.default,ts-admin-order-service.default,0,0,0
ts-order-service.default,ts-order-service.default,8044.2211538461515,104,73.92148679828117
ts-order-service.default,ts-order-other-service.default,0,0,0
ts-order-service.default,ts-verification-code-service.default,0,0,0
ts-order-service.default,ts-station-service.default,7454.951923076922,104,61.972474436542754
ts-order-service.default,ts-travel-service.default,0,0,0
ts-order-service.default,ts-ticketinfo-service.default,0,0,0
ts-order-service.default,ts-basic-service.default,0,0,0
ts-order-service.default,ts-route-service.default,0,0,0
ts-order-service.default,ts-train-service.default,0,0,0
ts-order-service.default,ts-price-service.default,0,0,0
ts-order-service.default,ts-seat-service.default,0,0,0
ts-order-service.default,ts-config-service.default,0,0,0
ts-order-service.default,ts-food-service.default,0,0,0
ts-order-service.default,ts-food-map-service.default,0,0,0
ts-order-service.default,ts-contacts-service.default,0,0,0
ts-order-service.default,ts-travel-plan-service.default,0,0,0
ts-order-service.default,ts-route-plan-service.default,0,0,0
ts-order-service.default,ts-travel2-service.default,0,0,0
ts-order-service.default,ts-assurance-service.default,0,0,0
ts-order-service.default,ts-admin-travel-service.default,0,0,0
ts-order-service.default,ts-consign-service.default,0,0,0
ts-order-service.default,ts-admin-basic-info-service.default,0,0,0
ts-order-service.default,ts-admin-route-service.default,0,0,0
ts-order-service.default,ts-admin-user-service.default,0,0,0
ts-order-service.default,ts-user-service.default,0,0,0
ts-order-service.default,ts-inside-payment-service.default,0,0,0
ts-order-service.default,ts-payment-service.default,0,0,0
ts-order-service.default,ts-execute-service.default,0,0,0
ts-order-service.default,ts-cancel-service.default,0,0,0
ts-order-service.default,ts-notification-service.default,0,0,0
ts-order-other-service.default,ts-ui-dashboard.default,0,0,0
ts-order-other-service.default,ts-auth-service.default,0,0,0
ts-order-other-service.default,ts-admin-order-service.default,0,0,0
ts-order-other-service.default,ts-order-service.default,0,0,0
ts-order-other-service.default,ts-order-other-service.default,3116.874999999999,104,45.5098960352132
ts-order-other-service.default,ts-verification-code-service.default,0,0,0
ts-order-other-service.default,ts-station-service.default,2386.269230769231,104,21.802305143381474
ts-order-other-service.default,ts-travel-service.default,0,0,0
ts-order-other-service.default,ts-ticketinfo-service.default,0,0,0
ts-order-other-service.default,ts-basic-service.default,0,0,0
ts-order-other-service.default,ts-route-service.default,0,0,0
ts-order-other-service.default,ts-train-service.default,0,0,0
ts-order-other-service.default,ts-price-service.default,0,0,0
ts-order-other-service.default,ts-seat-service.default,0,0,0
ts-order-other-service.default,ts-config-service.default,0,0,0
ts-order-other-service.default,ts-food-service.default,0,0,0
ts-order-other-service.default,ts-food-map-service.default,0,0,0
ts-order-other-service.default,ts-contacts-service.default,0,0,0
ts-order-other-service.default,ts-travel-plan-service.default,0,0,0
ts-order-other-service.default,ts-route-plan-service.default,0,0,0
ts-order-other-service.default,ts-travel2-service.default,0,0,0
ts-order-other-service.default,ts-assurance-service.default,0,0,0
ts-order-other-service.default,ts-admin-travel-service.default,0,0,0
ts-order-other-service.default,ts-consign-service.default,0,0,0
ts-order-other-service.default,ts-admin-basic-info-service.default,0,0,0
ts-order-other-service.default,ts-admin-route-service.default,0,0,0
ts-order-other-service.default,ts-admin-user-service.default,0,0,0
ts-order-other-service.default,ts-user-service.default,0,0,0
ts-order-other-service.default,ts-inside-payment-service.default,0,0,0
ts-order-other-service.default,ts-payment-service.default,0,0,0
ts-order-other-service.default,ts-execute-service.default,0,0,0
ts-order-other-service.default,ts-cancel-service.default,0,0,0
ts-order-other-service.default,ts-notification-service.default,0,0,0
ts-verification-code-service.default,ts-ui-dashboard.default,0,0,0
ts-verification-code-service.default,ts-auth-service.default,0,0,0
ts-verification-code-service.default,ts-admin-order-service.default,0,0,0
ts-verification-code-service.default,ts-order-service.default,0,0,0
ts-verification-code-service.default,ts-order-other-service.default,0,0,0
ts-verification-code-service.default,ts-verification-code-service.default,0,0,0
ts-verification-code-service.default,ts-station-service.default,0,0,0
ts-verification-code-service.default,ts-travel-service.default,0,0,0
ts-verification-code-service.default,ts-ticketinfo-service.default,0,0,0
ts-verification-code-service.default,ts-basic-service.default,0,0,0
ts-verification-code-service.default,ts-route-service.default,0,0,0
ts-verification-code-service.default,ts-train-service.default,0,0,0
ts-verification-code-service.default,ts-price-service.default,0,0,0
ts-verification-code-service.default,ts-seat-service.default,0,0,0
ts-verification-code-service.default,ts-config-service.default,0,0,0
ts-verification-code-service.default,ts-food-service.default,0,0,0
ts-verification-code-service.default,ts-food-map-service.default,0,0,0
ts-verification-code-service.default,ts-contacts-service.default,0,0,0
ts-verification-code-service.default,ts-travel-plan-service.default,0,0,0
ts-verification-code-service.default,ts-route-plan-service.default,0,0,0
ts-verification-code-service.default,ts-travel2-service.default,0,0,0
ts-verification-code-service.default,ts-assurance-service.default,0,0,0
ts-verification-code-service.default,ts-admin-travel-service.default,0,0,0
ts-verification-code-service.default,ts-consign-service.default,0,0,0
ts-verification-code-service.default,ts-admin-basic-info-service.default,0,0,0
ts-verification-code-service.default,ts-admin-route-service.default,0,0,0
ts-verification-code-service.default,ts-admin-user-service.default,0,0,0
ts-verification-code-service.default,ts-user-service.default,0,0,0
ts-verification-code-service.default,ts-inside-payment-service.default,0,0,0
ts-verification-code-service.default,ts-payment-service.default,0,0,0
ts-verification-code-service.default,ts-execute-service.default,0,0,0
ts-verification-code-service.default,ts-cancel-service.default,0,0,0
ts-verification-code-service.default,ts-notification-service.default,0,0,0
ts-station-service.default,ts-ui-dashboard.default,0,0,0
ts-station-service.default,ts-auth-service.default,0,0,0
ts-station-service.default,ts-admin-order-service.default,0,0,0
ts-station-service.default,ts-order-service.default,0,0,0
ts-station-service.default,ts-order-other-service.default,0,0,0
ts-station-service.default,ts-verification-code-service.default,0,0,0
ts-station-service.default,ts-station-service.default,0,0,0
ts-station-service.default,ts-travel-service.default,0,0,0
ts-station-service.default,ts-ticketinfo-service.default,0,0,0
ts-station-service.default,ts-basic-service.default,0,0,0
ts-station-service.default,ts-route-service.default,0,0,0
ts-station-service.default,ts-train-service.default,0,0,0
ts-station-service.default,ts-price-service.default,0,0,0
ts-station-service.default,ts-seat-service.default,0,0,0
ts-station-service.default,ts-config-service.default,0,0,0
ts-station-service.default,ts-food-service.default,0,0,0
ts-station-service.default,ts-food-map-service.default,0,0,0
ts-station-service.default,ts-contacts-service.default,0,0,0
ts-station-service.default,ts-travel-plan-service.default,0,0,0
ts-station-service.default,ts-route-plan-service.default,0,0,0
ts-station-service.default,ts-travel2-service.default,0,0,0
ts-station-service.default,ts-assurance-service.default,0,0,0
ts-station-service.default,ts-admin-travel-service.default,0,0,0
ts-station-service.default,ts-consign-service.default,0,0,0
ts-station-service.default,ts-admin-basic-info-service.default,0,0,0
ts-station-service.default,ts-admin-route-service.default,0,0,0
ts-station-service.default,ts-admin-user-service.default,0,0,0
ts-station-service.default,ts-user-service.default,0,0,0
ts-station-service.default,ts-inside-payment-service.default,0,0,0
ts-station-service.default,ts-payment-service.default,0,0,0
ts-station-service.default,ts-execute-service.default,0,0,0
ts-station-service.default,ts-cancel-service.default,0,0,0
ts-station-service.default,ts-notification-service.default,0,0,0
ts-travel-service.default,ts-ui-dashboard.default,0,0,0
ts-travel-service.default,ts-auth-service.default,0,0,0
ts-travel-service.default,ts-admin-order-service.default,0,0,0
ts-travel-service.default,ts-order-service.default,3353.979797979797,99,88.28529168165188
ts-travel-service.default,ts-order-other-service.default,0,0,0
ts-travel-service.default,ts-verification-code-service.default,0,0,0
ts-travel-service.default,ts-station-service.default,0,0,0
ts-travel-service.default,ts-travel-service.default,11760.829955947132,2270,193.97543339115174
ts-travel-service.default,ts-ticketinfo-service.default,16139.169179229499,597,415.64424472658993
ts-travel-service.default,ts-basic-service.default,0,0,0
ts-travel-service.default,ts-route-service.default,3028.0049079754567,815,33.43785472045442
ts-travel-service.default,ts-train-service.default,4042.5686274509803,561,90.5400495769017
ts-travel-service.default,ts-price-service.default,0,0,0
ts-travel-service.default,ts-seat-service.default,53443.52525252525,198,2137.2351811802487
ts-travel-service.default,ts-config-service.default,0,0,0
ts-travel-service.default,ts-food-service.default,0,0,0
ts-travel-service.default,ts-food-map-service.default,0,0,0
ts-travel-service.default,ts-contacts-service.default,0,0,0
ts-travel-service.default,ts-travel-plan-service.default,0,0,0
ts-travel-service.default,ts-route-plan-service.default,0,0,0
ts-travel-service.default,ts-travel2-service.default,0,0,0
ts-travel-service.default,ts-assurance-service.default,0,0,0
ts-travel-service.default,ts-admin-travel-service.default,0,0,0
ts-travel-service.default,ts-consign-service.default,0,0,0
ts-travel-service.default,ts-admin-basic-info-service.default,0,0,0
ts-travel-service.default,ts-admin-route-service.default,0,0,0
ts-travel-service.default,ts-admin-user-service.default,0,0,0
ts-travel-service.default,ts-user-service.default,0,0,0
ts-travel-service.default,ts-inside-payment-service.default,0,0,0
ts-travel-service.default,ts-payment-service.default,0,0,0
ts-travel-service.default,ts-execute-service.default,0,0,0
ts-travel-service.default,ts-cancel-service.default,0,0,0
ts-travel-service.default,ts-notification-service.default,0,0,0
ts-ticketinfo-service.default,ts-ui-dashboard.default,0,0,0
ts-ticketinfo-service.default,ts-auth-service.default,0,0,0
ts-ticketinfo-service.default,ts-admin-order-service.default,0,0,0
ts-ticketinfo-service.default,ts-order-service.default,0,0,0
ts-ticketinfo-service.default,ts-order-other-service.default,0,0,0
ts-ticketinfo-service.default,ts-verification-code-service.default,0,0,0
ts-ticketinfo-service.default,ts-station-service.default,0,0,0
ts-ticketinfo-service.default,ts-travel-service.default,0,0,0
ts-ticketinfo-service.default,ts-ticketinfo-service.default,10731.800511508947,1173,172.97763990248907
ts-ticketinfo-service.default,ts-basic-service.default,10119.502131287309,1173,164.32267180316526
ts-ticketinfo-service.default,ts-route-service.default,0,0,0
ts-ticketinfo-service.default,ts-train-service.default,0,0,0
ts-ticketinfo-service.default,ts-price-service.default,0,0,0
ts-ticketinfo-service.default,ts-seat-service.default,0,0,0
ts-ticketinfo-service.default,ts-config-service.default,0,0,0
ts-ticketinfo-service.default,ts-food-service.default,0,0,0
ts-ticketinfo-service.default,ts-food-map-service.default,0,0,0
ts-ticketinfo-service.default,ts-contacts-service.default,0,0,0
ts-ticketinfo-service.default,ts-travel-plan-service.default,0,0,0
ts-ticketinfo-service.default,ts-route-plan-service.default,0,0,0
ts-ticketinfo-service.default,ts-travel2-service.default,0,0,0
ts-ticketinfo-service.default,ts-assurance-service.default,0,0,0
ts-ticketinfo-service.default,ts-admin-travel-service.default,0,0,0
ts-ticketinfo-service.default,ts-consign-service.default,0,0,0
ts-ticketinfo-service.default,ts-admin-basic-info-service.default,0,0,0
ts-ticketinfo-service.default,ts-admin-route-service.default,0,0,0
ts-ticketinfo-service.default,ts-admin-user-service.default,0,0,0
ts-ticketinfo-service.default,ts-user-service.default,0,0,0
ts-ticketinfo-service.default,ts-inside-payment-service.default,0,0,0
ts-ticketinfo-service.default,ts-payment-service.default,0,0,0
ts-ticketinfo-service.default,ts-execute-service.default,0,0,0
ts-ticketinfo-service.default,ts-cancel-service.default,0,0,0
ts-ticketinfo-service.default,ts-notification-service.default,0,0,0
ts-basic-service.default,ts-ui-dashboard.default,0,0,0
ts-basic-service.default,ts-auth-service.default,0,0,0
ts-basic-service.default,ts-admin-order-service.default,0,0,0
ts-basic-service.default,ts-order-service.default,0,0,0
ts-basic-service.default,ts-order-other-service.default,0,0,0
ts-basic-service.default,ts-verification-code-service.default,0,0,0
ts-basic-service.default,ts-station-service.default,3243.012321660181,1542,26.87547894452492
ts-basic-service.default,ts-travel-service.default,0,0,0
ts-basic-service.default,ts-ticketinfo-service.default,0,0,0
ts-basic-service.default,ts-basic-service.default,4194.499215070646,1911,31.03865281937196
ts-basic-service.default,ts-route-service.default,1893.5040650406504,123,19.420285557608203
ts-basic-service.default,ts-train-service.default,2170.780487804879,123,4.144770617605156
ts-basic-service.default,ts-price-service.default,11264.040650406509,123,730.4460793859197
ts-basic-service.default,ts-seat-service.default,0,0,0
ts-basic-service.default,ts-config-service.default,0,0,0
ts-basic-service.default,ts-food-service.default,0,0,0
ts-basic-service.default,ts-food-map-service.default,0,0,0
ts-basic-service.default,ts-contacts-service.default,0,0,0
ts-basic-service.default,ts-travel-plan-service.default,0,0,0
ts-basic-service.default,ts-route-plan-service.default,0,0,0
ts-basic-service.default,ts-travel2-service.default,0,0,0
ts-basic-service.default,ts-assurance-service.default,0,0,0
ts-basic-service.default,ts-admin-travel-service.default,0,0,0
ts-basic-service.default,ts-consign-service.default,0,0,0
ts-basic-service.default,ts-admin-basic-info-service.default,0,0,0
ts-basic-service.default,ts-admin-route-service.default,0,0,0
ts-basic-service.default,ts-admin-user-service.default,0,0,0
ts-basic-service.default,ts-user-service.default,0,0,0
ts-basic-service.default,ts-inside-payment-service.default,0,0,0
ts-basic-service.default,ts-payment-service.default,0,0,0
ts-basic-service.default,ts-execute-service.default,0,0,0
ts-basic-service.default,ts-cancel-service.default,0,0,0
ts-basic-service.default,ts-notification-service.default,0,0,0
ts-route-service.default,ts-ui-dashboard.default,0,0,0
ts-route-service.default,ts-auth-service.default,0,0,0
ts-route-service.default,ts-admin-order-service.default,0,0,0
ts-route-service.default,ts-order-service.default,0,0,0
ts-route-service.default,ts-order-other-service.default,0,0,0
ts-route-service.default,ts-verification-code-service.default,0,0,0
ts-route-service.default,ts-station-service.default,0,0,0
ts-route-service.default,ts-travel-service.default,0,0,0
ts-route-service.default,ts-ticketinfo-service.default,0,0,0
ts-route-service.default,ts-basic-service.default,0,0,0
ts-route-service.default,ts-route-service.default,0,0,0
ts-route-service.default,ts-train-service.default,0,0,0
ts-route-service.default,ts-price-service.default,0,0,0
ts-route-service.default,ts-seat-service.default,0,0,0
ts-route-service.default,ts-config-service.default,0,0,0
ts-route-service.default,ts-food-service.default,0,0,0
ts-route-service.default,ts-food-map-service.default,0,0,0
ts-route-service.default,ts-contacts-service.default,0,0,0
ts-route-service.default,ts-travel-plan-service.default,0,0,0
ts-route-service.default,ts-route-plan-service.default,0,0,0
ts-route-service.default,ts-travel2-service.default,0,0,0
ts-route-service.default,ts-assurance-service.default,0,0,0
ts-route-service.default,ts-admin-travel-service.default,0,0,0
ts-route-service.default,ts-consign-service.default,0,0,0
ts-route-service.default,ts-admin-basic-info-service.default,0,0,0
ts-route-service.default,ts-admin-route-service.default,0,0,0
ts-route-service.default,ts-admin-user-service.default,0,0,0
ts-route-service.default,ts-user-service.default,0,0,0
ts-route-service.default,ts-inside-payment-service.default,0,0,0
ts-route-service.default,ts-payment-service.default,0,0,0
ts-route-service.default,ts-execute-service.default,0,0,0
ts-route-service.default,ts-cancel-service.default,0,0,0
ts-route-service.default,ts-notification-service.default,0,0,0
ts-train-service.default,ts-ui-dashboard.default,0,0,0
ts-train-service.default,ts-auth-service.default,0,0,0
ts-train-service.default,ts-admin-order-service.default,0,0,0
ts-train-service.default,ts-order-service.default,0,0,0
ts-train-service.default,ts-order-other-service.default,0,0,0
ts-train-service.default,ts-verification-code-service.default,0,0,0
ts-train-service.default,ts-station-service.default,0,0,0
ts-train-service.default,ts-travel-service.default,0,0,0
ts-train-service.default,ts-ticketinfo-service.default,0,0,0
ts-train-service.default,ts-basic-service.default,0,0,0
ts-train-service.default,ts-route-service.default,0,0,0
ts-train-service.default,ts-train-service.default,0,0,0
ts-train-service.default,ts-price-service.default,0,0,0
ts-train-service.default,ts-seat-service.default,0,0,0
ts-train-service.default,ts-config-service.default,0,0,0
ts-train-service.default,ts-food-service.default,0,0,0
ts-train-service.default,ts-food-map-service.default,0,0,0
ts-train-service.default,ts-contacts-service.default,0,0,0
ts-train-service.default,ts-travel-plan-service.default,0,0,0
ts-train-service.default,ts-route-plan-service.default,0,0,0
ts-train-service.default,ts-travel2-service.default,0,0,0
ts-train-service.default,ts-assurance-service.default,0,0,0
ts-train-service.default,ts-admin-travel-service.default,0,0,0
ts-train-service.default,ts-consign-service.default,0,0,0
ts-train-service.default,ts-admin-basic-info-service.default,0,0,0
ts-train-service.default,ts-admin-route-service.default,0,0,0
ts-train-service.default,ts-admin-user-service.default,0,0,0
ts-train-service.default,ts-user-service.default,0,0,0
ts-train-service.default,ts-inside-payment-service.default,0,0,0
ts-train-service.default,ts-payment-service.default,0,0,0
ts-train-service.default,ts-execute-service.default,0,0,0
ts-train-service.default,ts-cancel-service.default,0,0,0
ts-train-service.default,ts-notification-service.default,0,0,0
ts-price-service.default,ts-ui-dashboard.default,0,0,0
ts-price-service.default,ts-auth-service.default,0,0,0
ts-price-service.default,ts-admin-order-service.default,0,0,0
ts-price-service.default,ts-order-service.default,0,0,0
ts-price-service.default,ts-order-other-service.default,0,0,0
ts-price-service.default,ts-verification-code-service.default,0,0,0
ts-price-service.default,ts-station-service.default,0,0,0
ts-price-service.default,ts-travel-service.default,0,0,0
ts-price-service.default,ts-ticketinfo-service.default,0,0,0
ts-price-service.default,ts-basic-service.default,0,0,0
ts-price-service.default,ts-route-service.default,0,0,0
ts-price-service.default,ts-train-service.default,0,0,0
ts-price-service.default,ts-price-service.default,0,0,0
ts-price-service.default,ts-seat-service.default,0,0,0
ts-price-service.default,ts-config-service.default,0,0,0
ts-price-service.default,ts-food-service.default,0,0,0
ts-price-service.default,ts-food-map-service.default,0,0,0
ts-price-service.default,ts-contacts-service.default,0,0,0
ts-price-service.default,ts-travel-plan-service.default,0,0,0
ts-price-service.default,ts-route-plan-service.default,0,0,0
ts-price-service.default,ts-travel2-service.default,0,0,0
ts-price-service.default,ts-assurance-service.default,0,0,0
ts-price-service.default,ts-admin-travel-service.default,0,0,0
ts-price-service.default,ts-consign-service.default,0,0,0
ts-price-service.default,ts-admin-basic-info-service.default,0,0,0
ts-price-service.default,ts-admin-route-service.default,0,0,0
ts-price-service.default,ts-admin-user-service.default,0,0,0
ts-price-service.default,ts-user-service.default,0,0,0
ts-price-service.default,ts-inside-payment-service.default,0,0,0
ts-price-service.default,ts-payment-service.default,0,0,0
ts-price-service.default,ts-execute-service.default,0,0,0
ts-price-service.default,ts-cancel-service.default,0,0,0
ts-price-service.default,ts-notification-service.default,0,0,0
ts-seat-service.default,ts-ui-dashboard.default,0,0,0
ts-seat-service.default,ts-auth-service.default,0,0,0
ts-seat-service.default,ts-admin-order-service.default,0,0,0
ts-seat-service.default,ts-order-service.default,2392.7923976608195,342,3.0979653550907518
ts-seat-service.default,ts-order-other-service.default,2218.125000000001,96,13.966130317759253
ts-seat-service.default,ts-verification-code-service.default,0,0,0
ts-seat-service.default,ts-station-service.default,0,0,0
ts-seat-service.default,ts-travel-service.default,14855.223684210538,684,346.7180884774394
ts-seat-service.default,ts-ticketinfo-service.default,0,0,0
ts-seat-service.default,ts-basic-service.default,0,0,0
ts-seat-service.default,ts-route-service.default,0,0,0
ts-seat-service.default,ts-train-service.default,0,0,0
ts-seat-service.default,ts-price-service.default,0,0,0
ts-seat-service.default,ts-seat-service.default,10180.98287671232,1752,177.08188298054958
ts-seat-service.default,ts-config-service.default,7716.244292237431,438,257.0849689589758
ts-seat-service.default,ts-food-service.default,0,0,0
ts-seat-service.default,ts-food-map-service.default,0,0,0
ts-seat-service.default,ts-contacts-service.default,0,0,0
ts-seat-service.default,ts-travel-plan-service.default,0,0,0
ts-seat-service.default,ts-route-plan-service.default,0,0,0
ts-seat-service.default,ts-travel2-service.default,11244.427083333334,192,422.1643273930332
ts-seat-service.default,ts-assurance-service.default,0,0,0
ts-seat-service.default,ts-admin-travel-service.default,0,0,0
ts-seat-service.default,ts-consign-service.default,0,0,0
ts-seat-service.default,ts-admin-basic-info-service.default,0,0,0
ts-seat-service.default,ts-admin-route-service.default,0,0,0
ts-seat-service.default,ts-admin-user-service.default,0,0,0
ts-seat-service.default,ts-user-service.default,0,0,0
ts-seat-service.default,ts-inside-payment-service.default,0,0,0
ts-seat-service.default,ts-payment-service.default,0,0,0
ts-seat-service.default,ts-execute-service.default,0,0,0
ts-seat-service.default,ts-cancel-service.default,0,0,0
ts-seat-service.default,ts-notification-service.default,0,0,0
ts-config-service.default,ts-ui-dashboard.default,0,0,0
ts-config-service.default,ts-auth-service.default,0,0,0
ts-config-service.default,ts-admin-order-service.default,0,0,0
ts-config-service.default,ts-order-service.default,0,0,0
ts-config-service.default,ts-order-other-service.default,0,0,0
ts-config-service.default,ts-verification-code-service.default,0,0,0
ts-config-service.default,ts-station-service.default,0,0,0
ts-config-service.default,ts-travel-service.default,0,0,0
ts-config-service.default,ts-ticketinfo-service.default,0,0,0
ts-config-service.default,ts-basic-service.default,0,0,0
ts-config-service.default,ts-route-service.default,0,0,0
ts-config-service.default,ts-train-service.default,0,0,0
ts-config-service.default,ts-price-service.default,0,0,0
ts-config-service.default,ts-seat-service.default,0,0,0
ts-config-service.default,ts-config-service.default,0,0,0
ts-config-service.default,ts-food-service.default,0,0,0
ts-config-service.default,ts-food-map-service.default,0,0,0
ts-config-service.default,ts-contacts-service.default,0,0,0
ts-config-service.default,ts-travel-plan-service.default,0,0,0
ts-config-service.default,ts-route-plan-service.default,0,0,0
ts-config-service.default,ts-travel2-service.default,0,0,0
ts-config-service.default,ts-assurance-service.default,0,0,0
ts-config-service.default,ts-admin-travel-service.default,0,0,0
ts-config-service.default,ts-consign-service.default,0,0,0
ts-config-service.default,ts-admin-basic-info-service.default,0,0,0
ts-config-service.default,ts-admin-route-service.default,0,0,0
ts-config-service.default,ts-admin-user-service.default,0,0,0
ts-config-service.default,ts-user-service.default,0,0,0
ts-config-service.default,ts-inside-payment-service.default,0,0,0
ts-config-service.default,ts-payment-service.default,0,0,0
ts-config-service.default,ts-execute-service.default,0,0,0
ts-config-service.default,ts-cancel-service.default,0,0,0
ts-config-service.default,ts-notification-service.default,0,0,0
ts-food-service.default,ts-ui-dashboard.default,0,0,0
ts-food-service.default,ts-auth-service.default,0,0,0
ts-food-service.default,ts-admin-order-service.default,0,0,0
ts-food-service.default,ts-order-service.default,0,0,0
ts-food-service.default,ts-order-other-service.default,0,0,0
ts-food-service.default,ts-verification-code-service.default,0,0,0
ts-food-service.default,ts-station-service.default,2642.307692307692,52,132.9296655153051
ts-food-service.default,ts-travel-service.default,8065.423076923076,26,312.2846153846153
ts-food-service.default,ts-ticketinfo-service.default,0,0,0
ts-food-service.default,ts-basic-service.default,0,0,0
ts-food-service.default,ts-route-service.default,0,0,0
ts-food-service.default,ts-train-service.default,0,0,0
ts-food-service.default,ts-price-service.default,0,0,0
ts-food-service.default,ts-seat-service.default,0,0,0
ts-food-service.default,ts-config-service.default,0,0,0
ts-food-service.default,ts-food-service.default,9404.48461538462,130,339.7206276658864
ts-food-service.default,ts-food-map-service.default,14704.711538461539,52,1412.0020440391136
ts-food-service.default,ts-contacts-service.default,0,0,0
ts-food-service.default,ts-travel-plan-service.default,0,0,0
ts-food-service.default,ts-route-plan-service.default,0,0,0
ts-food-service.default,ts-travel2-service.default,0,0,0
ts-food-service.default,ts-assurance-service.default,0,0,0
ts-food-service.default,ts-admin-travel-service.default,0,0,0
ts-food-service.default,ts-consign-service.default,0,0,0
ts-food-service.default,ts-admin-basic-info-service.default,0,0,0
ts-food-service.default,ts-admin-route-service.default,0,0,0
ts-food-service.default,ts-admin-user-service.default,0,0,0
ts-food-service.default,ts-user-service.default,0,0,0
ts-food-service.default,ts-inside-payment-service.default,0,0,0
ts-food-service.default,ts-payment-service.default,0,0,0
ts-food-service.default,ts-execute-service.default,0,0,0
ts-food-service.default,ts-cancel-service.default,0,0,0
ts-food-service.default,ts-notification-service.default,0,0,0
ts-food-map-service.default,ts-ui-dashboard.default,0,0,0
ts-food-map-service.default,ts-auth-service.default,0,0,0
ts-food-map-service.default,ts-admin-order-service.default,0,0,0
ts-food-map-service.default,ts-order-service.default,0,0,0
ts-food-map-service.default,ts-order-other-service.default,0,0,0
ts-food-map-service.default,ts-verification-code-service.default,0,0,0
ts-food-map-service.default,ts-station-service.default,0,0,0
ts-food-map-service.default,ts-travel-service.default,0,0,0
ts-food-map-service.default,ts-ticketinfo-service.default,0,0,0
ts-food-map-service.default,ts-basic-service.default,0,0,0
ts-food-map-service.default,ts-route-service.default,0,0,0
ts-food-map-service.default,ts-train-service.default,0,0,0
ts-food-map-service.default,ts-price-service.default,0,0,0
ts-food-map-service.default,ts-seat-service.default,0,0,0
ts-food-map-service.default,ts-config-service.default,0,0,0
ts-food-map-service.default,ts-food-service.default,0,0,0
ts-food-map-service.default,ts-food-map-service.default,0,0,0
ts-food-map-service.default,ts-contacts-service.default,0,0,0
ts-food-map-service.default,ts-travel-plan-service.default,0,0,0
ts-food-map-service.default,ts-route-plan-service.default,0,0,0
ts-food-map-service.default,ts-travel2-service.default,0,0,0
ts-food-map-service.default,ts-assurance-service.default,0,0,0
ts-food-map-service.default,ts-admin-travel-service.default,0,0,0
ts-food-map-service.default,ts-consign-service.default,0,0,0
ts-food-map-service.default,ts-admin-basic-info-service.default,0,0,0
ts-food-map-service.default,ts-admin-route-service.default,0,0,0
ts-food-map-service.default,ts-admin-user-service.default,0,0,0
ts-food-map-service.default,ts-user-service.default,0,0,0
ts-food-map-service.default,ts-inside-payment-service.default,0,0,0
ts-food-map-service.default,ts-payment-service.default,0,0,0
ts-food-map-service.default,ts-execute-service.default,0,0,0
ts-food-map-service.default,ts-cancel-service.default,0,0,0
ts-food-map-service.default,ts-notification-service.default,0,0,0
ts-contacts-service.default,ts-ui-dashboard.default,0,0,0
ts-contacts-service.default,ts-auth-service.default,0,0,0
ts-contacts-service.default,ts-admin-order-service.default,0,0,0
ts-contacts-service.default,ts-order-service.default,0,0,0
ts-contacts-service.default,ts-order-other-service.default,0,0,0
ts-contacts-service.default,ts-verification-code-service.default,0,0,0
ts-contacts-service.default,ts-station-service.default,0,0,0
ts-contacts-service.default,ts-travel-service.default,0,0,0
ts-contacts-service.default,ts-ticketinfo-service.default,0,0,0
ts-contacts-service.default,ts-basic-service.default,0,0,0
ts-contacts-service.default,ts-route-service.default,0,0,0
ts-contacts-service.default,ts-train-service.default,0,0,0
ts-contacts-service.default,ts-price-service.default,0,0,0
ts-contacts-service.default,ts-seat-service.default,0,0,0
ts-contacts-service.default,ts-config-service.default,0,0,0
ts-contacts-service.default,ts-food-service.default,0,0,0
ts-contacts-service.default,ts-food-map-service.default,0,0,0
ts-contacts-service.default,ts-contacts-service.default,0,0,0
ts-contacts-service.default,ts-travel-plan-service.default,0,0,0
ts-contacts-service.default,ts-route-plan-service.default,0,0,0
ts-contacts-service.default,ts-travel2-service.default,0,0,0
ts-contacts-service.default,ts-assurance-service.default,0,0,0
ts-contacts-service.default,ts-admin-travel-service.default,0,0,0
ts-contacts-service.default,ts-consign-service.default,0,0,0
ts-contacts-service.default,ts-admin-basic-info-service.default,0,0,0
ts-contacts-service.default,ts-admin-route-service.default,0,0,0
ts-contacts-service.default,ts-admin-user-service.default,0,0,0
ts-contacts-service.default,ts-user-service.default,0,0,0
ts-contacts-service.default,ts-inside-payment-service.default,0,0,0
ts-contacts-service.default,ts-payment-service.default,0,0,0
ts-contacts-service.default,ts-execute-service.default,0,0,0
ts-contacts-service.default,ts-cancel-service.default,0,0,0
ts-contacts-service.default,ts-notification-service.default,0,0,0
ts-travel-plan-service.default,ts-ui-dashboard.default,0,0,0
ts-travel-plan-service.default,ts-auth-service.default,0,0,0
ts-travel-plan-service.default,ts-admin-order-service.default,0,0,0
ts-travel-plan-service.default,ts-order-service.default,0,0,0
ts-travel-plan-service.default,ts-order-other-service.default,0,0,0
ts-travel-plan-service.default,ts-verification-code-service.default,0,0,0
ts-travel-plan-service.default,ts-station-service.default,3722.96875,96,120.54925018765533
ts-travel-plan-service.default,ts-travel-service.default,0,0,0
ts-travel-plan-service.default,ts-ticketinfo-service.default,8643.036458333338,384,178.79241092843648
ts-travel-plan-service.default,ts-basic-service.default,0,0,0
ts-travel-plan-service.default,ts-route-service.default,0,0,0
ts-travel-plan-service.default,ts-train-service.default,0,0,0
ts-travel-plan-service.default,ts-price-service.default,0,0,0
ts-travel-plan-service.default,ts-seat-service.default,50393.255208333336,192,9451.240670642175
ts-travel-plan-service.default,ts-config-service.default,0,0,0
ts-travel-plan-service.default,ts-food-service.default,0,0,0
ts-travel-plan-service.default,ts-food-map-service.default,0,0,0
ts-travel-plan-service.default,ts-contacts-service.default,0,0,0
ts-travel-plan-service.default,ts-travel-plan-service.default,56972.14798850575,696,4733.055775647831
ts-travel-plan-service.default,ts-route-plan-service.default,1077280.0,24,92824.98724903013
ts-travel-plan-service.default,ts-travel2-service.default,0,0,0
ts-travel-plan-service.default,ts-assurance-service.default,0,0,0
ts-travel-plan-service.default,ts-admin-travel-service.default,0,0,0
ts-travel-plan-service.default,ts-consign-service.default,0,0,0
ts-travel-plan-service.default,ts-admin-basic-info-service.default,0,0,0
ts-travel-plan-service.default,ts-admin-route-service.default,0,0,0
ts-travel-plan-service.default,ts-admin-user-service.default,0,0,0
ts-travel-plan-service.default,ts-user-service.default,0,0,0
ts-travel-plan-service.default,ts-inside-payment-service.default,0,0,0
ts-travel-plan-service.default,ts-payment-service.default,0,0,0
ts-travel-plan-service.default,ts-execute-service.default,0,0,0
ts-travel-plan-service.default,ts-cancel-service.default,0,0,0
ts-travel-plan-service.default,ts-notification-service.default,0,0,0
ts-route-plan-service.default,ts-ui-dashboard.default,0,0,0
ts-route-plan-service.default,ts-auth-service.default,0,0,0
ts-route-plan-service.default,ts-admin-order-service.default,0,0,0
ts-route-plan-service.default,ts-order-service.default,0,0,0
ts-route-plan-service.default,ts-order-other-service.default,0,0,0
ts-route-plan-service.default,ts-verification-code-service.default,0,0,0
ts-route-plan-service.default,ts-station-service.default,0,0,0
ts-route-plan-service.default,ts-travel-service.default,207857.28125,96,20777.937246399277
ts-route-plan-service.default,ts-ticketinfo-service.default,0,0,0
ts-route-plan-service.default,ts-basic-service.default,0,0,0
ts-route-plan-service.default,ts-route-service.default,0,0,0
ts-route-plan-service.default,ts-train-service.default,0,0,0
ts-route-plan-service.default,ts-price-service.default,0,0,0
ts-route-plan-service.default,ts-seat-service.default,0,0,0
ts-route-plan-service.default,ts-config-service.default,0,0,0
ts-route-plan-service.default,ts-food-service.default,0,0,0
ts-route-plan-service.default,ts-food-map-service.default,0,0,0
ts-route-plan-service.default,ts-contacts-service.default,0,0,0
ts-route-plan-service.default,ts-travel-plan-service.default,0,0,0
ts-route-plan-service.default,ts-route-plan-service.default,178293.8611111111,144,14409.274459959817
ts-route-plan-service.default,ts-travel2-service.default,117186.16666666667,48,16381.246316011466
ts-route-plan-service.default,ts-assurance-service.default,0,0,0
ts-route-plan-service.default,ts-admin-travel-service.default,0,0,0
ts-route-plan-service.default,ts-consign-service.default,0,0,0
ts-route-plan-service.default,ts-admin-basic-info-service.default,0,0,0
ts-route-plan-service.default,ts-admin-route-service.default,0,0,0
ts-route-plan-service.default,ts-admin-user-service.default,0,0,0
ts-route-plan-service.default,ts-user-service.default,0,0,0
ts-route-plan-service.default,ts-inside-payment-service.default,0,0,0
ts-route-plan-service.default,ts-payment-service.default,0,0,0
ts-route-plan-service.default,ts-execute-service.default,0,0,0
ts-route-plan-service.default,ts-cancel-service.default,0,0,0
ts-route-plan-service.default,ts-notification-service.default,0,0,0
ts-travel2-service.default,ts-ui-dashboard.default,0,0,0
ts-travel2-service.default,ts-auth-service.default,0,0,0
ts-travel2-service.default,ts-admin-order-service.default,0,0,0
ts-travel2-service.default,ts-order-service.default,0,0,0
ts-travel2-service.default,ts-order-other-service.default,2540.0,24,6.463946835769318
ts-travel2-service.default,ts-verification-code-service.default,0,0,0
ts-travel2-service.default,ts-station-service.default,0,0,0
ts-travel2-service.default,ts-travel-service.default,0,0,0
ts-travel2-service.default,ts-ticketinfo-service.default,13513.427083333334,192,468.1836722896312
ts-travel2-service.default,ts-basic-service.default,0,0,0
ts-travel2-service.default,ts-route-service.default,5833.386363636364,264,247.78431814247926
ts-travel2-service.default,ts-train-service.default,2024.1302083333333,192,30.978414650855388
ts-travel2-service.default,ts-price-service.default,0,0,0
ts-travel2-service.default,ts-seat-service.default,30687.833333333332,48,1356.520110098503
ts-travel2-service.default,ts-config-service.default,0,0,0
ts-travel2-service.default,ts-food-service.default,0,0,0
ts-travel2-service.default,ts-food-map-service.default,0,0,0
ts-travel2-service.default,ts-contacts-service.default,0,0,0
ts-travel2-service.default,ts-travel-plan-service.default,0,0,0
ts-travel2-service.default,ts-route-plan-service.default,0,0,0
ts-travel2-service.default,ts-travel2-service.default,9063.148611111108,720,265.64861744397325
ts-travel2-service.default,ts-assurance-service.default,0,0,0
ts-travel2-service.default,ts-admin-travel-service.default,0,0,0
ts-travel2-service.default,ts-consign-service.default,0,0,0
ts-travel2-service.default,ts-admin-basic-info-service.default,0,0,0
ts-travel2-service.default,ts-admin-route-service.default,0,0,0
ts-travel2-service.default,ts-admin-user-service.default,0,0,0
ts-travel2-service.default,ts-user-service.default,0,0,0
ts-travel2-service.default,ts-inside-payment-service.default,0,0,0
ts-travel2-service.default,ts-payment-service.default,0,0,0
ts-travel2-service.default,ts-execute-service.default,0,0,0
ts-travel2-service.default,ts-cancel-service.default,0,0,0
ts-travel2-service.default,ts-notification-service.default,0,0,0
ts-assurance-service.default,ts-ui-dashboard.default,0,0,0
ts-assurance-service.default,ts-auth-service.default,0,0,0
ts-assurance-service.default,ts-admin-order-service.default,0,0,0
ts-assurance-service.default,ts-order-service.default,0,0,0
ts-assurance-service.default,ts-order-other-service.default,0,0,0
ts-assurance-service.default,ts-verification-code-service.default,0,0,0
ts-assurance-service.default,ts-station-service.default,0,0,0
ts-assurance-service.default,ts-travel-service.default,0,0,0
ts-assurance-service.default,ts-ticketinfo-service.default,0,0,0
ts-assurance-service.default,ts-basic-service.default,0,0,0
ts-assurance-service.default,ts-route-service.default,0,0,0
ts-assurance-service.default,ts-train-service.default,0,0,0
ts-assurance-service.default,ts-price-service.default,0,0,0
ts-assurance-service.default,ts-seat-service.default,0,0,0
ts-assurance-service.default,ts-config-service.default,0,0,0
ts-assurance-service.default,ts-food-service.default,0,0,0
ts-assurance-service.default,ts-food-map-service.default,0,0,0
ts-assurance-service.default,ts-contacts-service.default,0,0,0
ts-assurance-service.default,ts-travel-plan-service.default,0,0,0
ts-assurance-service.default,ts-route-plan-service.default,0,0,0
ts-assurance-service.default,ts-travel2-service.default,0,0,0
ts-assurance-service.default,ts-assurance-service.default,0,0,0
ts-assurance-service.default,ts-admin-travel-service.default,0,0,0
ts-assurance-service.default,ts-consign-service.default,0,0,0
ts-assurance-service.default,ts-admin-basic-info-service.default,0,0,0
ts-assurance-service.default,ts-admin-route-service.default,0,0,0
ts-assurance-service.default,ts-admin-user-service.default,0,0,0
ts-assurance-service.default,ts-user-service.default,0,0,0
ts-assurance-service.default,ts-inside-payment-service.default,0,0,0
ts-assurance-service.default,ts-payment-service.default,0,0,0
ts-assurance-service.default,ts-execute-service.default,0,0,0
ts-assurance-service.default,ts-cancel-service.default,0,0,0
ts-assurance-service.default,ts-notification-service.default,0,0,0
ts-admin-travel-service.default,ts-ui-dashboard.default,0,0,0
ts-admin-travel-service.default,ts-auth-service.default,0,0,0
ts-admin-travel-service.default,ts-admin-order-service.default,0,0,0
ts-admin-travel-service.default,ts-order-service.default,0,0,0
ts-admin-travel-service.default,ts-order-other-service.default,0,0,0
ts-admin-travel-service.default,ts-verification-code-service.default,0,0,0
ts-admin-travel-service.default,ts-station-service.default,0,0,0
ts-admin-travel-service.default,ts-travel-service.default,57093.958333333336,24,4287.256179326929
ts-admin-travel-service.default,ts-ticketinfo-service.default,0,0,0
ts-admin-travel-service.default,ts-basic-service.default,0,0,0
ts-admin-travel-service.default,ts-route-service.default,0,0,0
ts-admin-travel-service.default,ts-train-service.default,0,0,0
ts-admin-travel-service.default,ts-price-service.default,0,0,0
ts-admin-travel-service.default,ts-seat-service.default,0,0,0
ts-admin-travel-service.default,ts-config-service.default,0,0,0
ts-admin-travel-service.default,ts-food-service.default,0,0,0
ts-admin-travel-service.default,ts-food-map-service.default,0,0,0
ts-admin-travel-service.default,ts-contacts-service.default,0,0,0
ts-admin-travel-service.default,ts-travel-plan-service.default,0,0,0
ts-admin-travel-service.default,ts-route-plan-service.default,0,0,0
ts-admin-travel-service.default,ts-travel2-service.default,29646.458333333332,24,1739.105782342446
ts-admin-travel-service.default,ts-assurance-service.default,0,0,0
ts-admin-travel-service.default,ts-admin-travel-service.default,44275.35416666668,48,3161.821216226186
ts-admin-travel-service.default,ts-consign-service.default,0,0,0
ts-admin-travel-service.default,ts-admin-basic-info-service.default,0,0,0
ts-admin-travel-service.default,ts-admin-route-service.default,0,0,0
ts-admin-travel-service.default,ts-admin-user-service.default,0,0,0
ts-admin-travel-service.default,ts-user-service.default,0,0,0
ts-admin-travel-service.default,ts-inside-payment-service.default,0,0,0
ts-admin-travel-service.default,ts-payment-service.default,0,0,0
ts-admin-travel-service.default,ts-execute-service.default,0,0,0
ts-admin-travel-service.default,ts-cancel-service.default,0,0,0
ts-admin-travel-service.default,ts-notification-service.default,0,0,0
ts-consign-service.default,ts-ui-dashboard.default,0,0,0
ts-consign-service.default,ts-auth-service.default,0,0,0
ts-consign-service.default,ts-admin-order-service.default,0,0,0
ts-consign-service.default,ts-order-service.default,0,0,0
ts-consign-service.default,ts-order-other-service.default,0,0,0
ts-consign-service.default,ts-verification-code-service.default,0,0,0
ts-consign-service.default,ts-station-service.default,0,0,0
ts-consign-service.default,ts-travel-service.default,0,0,0
ts-consign-service.default,ts-ticketinfo-service.default,0,0,0
ts-consign-service.default,ts-basic-service.default,0,0,0
ts-consign-service.default,ts-route-service.default,0,0,0
ts-consign-service.default,ts-train-service.default,0,0,0
ts-consign-service.default,ts-price-service.default,0,0,0
ts-consign-service.default,ts-seat-service.default,0,0,0
ts-consign-service.default,ts-config-service.default,0,0,0
ts-consign-service.default,ts-food-service.default,0,0,0
ts-consign-service.default,ts-food-map-service.default,0,0,0
ts-consign-service.default,ts-contacts-service.default,0,0,0
ts-consign-service.default,ts-travel-plan-service.default,0,0,0
ts-consign-service.default,ts-route-plan-service.default,0,0,0
ts-consign-service.default,ts-travel2-service.default,0,0,0
ts-consign-service.default,ts-assurance-service.default,0,0,0
ts-consign-service.default,ts-admin-travel-service.default,0,0,0
ts-consign-service.default,ts-consign-service.default,0,0,0
ts-consign-service.default,ts-admin-basic-info-service.default,0,0,0
ts-consign-service.default,ts-admin-route-service.default,0,0,0
ts-consign-service.default,ts-admin-user-service.default,0,0,0
ts-consign-service.default,ts-user-service.default,0,0,0
ts-consign-service.default,ts-inside-payment-service.default,0,0,0
ts-consign-service.default,ts-payment-service.default,0,0,0
ts-consign-service.default,ts-execute-service.default,0,0,0
ts-consign-service.default,ts-cancel-service.default,0,0,0
ts-consign-service.default,ts-notification-service.default,0,0,0
ts-admin-basic-info-service.default,ts-ui-dashboard.default,0,0,0
ts-admin-basic-info-service.default,ts-auth-service.default,0,0,0
ts-admin-basic-info-service.default,ts-admin-order-service.default,0,0,0
ts-admin-basic-info-service.default,ts-order-service.default,0,0,0
ts-admin-basic-info-service.default,ts-order-other-service.default,0,0,0
ts-admin-basic-info-service.default,ts-verification-code-service.default,0,0,0
ts-admin-basic-info-service.default,ts-station-service.default,3163.1304347826085,46,32.06975174686652
ts-admin-basic-info-service.default,ts-travel-service.default,0,0,0
ts-admin-basic-info-service.default,ts-ticketinfo-service.default,0,0,0
ts-admin-basic-info-service.default,ts-basic-service.default,0,0,0
ts-admin-basic-info-service.default,ts-route-service.default,0,0,0
ts-admin-basic-info-service.default,ts-train-service.default,2254.2173913043475,23,42.167393856594494
ts-admin-basic-info-service.default,ts-price-service.default,5527.04347826087,23,34.95564788595674
ts-admin-basic-info-service.default,ts-seat-service.default,0,0,0
ts-admin-basic-info-service.default,ts-config-service.default,3328.0,23,265.8612932954462
ts-admin-basic-info-service.default,ts-food-service.default,0,0,0
ts-admin-basic-info-service.default,ts-food-map-service.default,0,0,0
ts-admin-basic-info-service.default,ts-contacts-service.default,0,0,0
ts-admin-basic-info-service.default,ts-travel-plan-service.default,0,0,0
ts-admin-basic-info-service.default,ts-route-plan-service.default,0,0,0
ts-admin-basic-info-service.default,ts-travel2-service.default,0,0,0
ts-admin-basic-info-service.default,ts-assurance-service.default,0,0,0
ts-admin-basic-info-service.default,ts-admin-travel-service.default,0,0,0
ts-admin-basic-info-service.default,ts-consign-service.default,0,0,0
ts-admin-basic-info-service.default,ts-admin-basic-info-service.default,4604.504347826088,115,127.79754120154463
ts-admin-basic-info-service.default,ts-admin-route-service.default,0,0,0
ts-admin-basic-info-service.default,ts-admin-user-service.default,0,0,0
ts-admin-basic-info-service.default,ts-user-service.default,0,0,0
ts-admin-basic-info-service.default,ts-inside-payment-service.default,0,0,0
ts-admin-basic-info-service.default,ts-payment-service.default,0,0,0
ts-admin-basic-info-service.default,ts-execute-service.default,0,0,0
ts-admin-basic-info-service.default,ts-cancel-service.default,0,0,0
ts-admin-basic-info-service.default,ts-notification-service.default,0,0,0
ts-admin-route-service.default,ts-ui-dashboard.default,0,0,0
ts-admin-route-service.default,ts-auth-service.default,0,0,0
ts-admin-route-service.default,ts-admin-order-service.default,0,0,0
ts-admin-route-service.default,ts-order-service.default,0,0,0
ts-admin-route-service.default,ts-order-other-service.default,0,0,0
ts-admin-route-service.default,ts-verification-code-service.default,0,0,0
ts-admin-route-service.default,ts-station-service.default,0,0,0
ts-admin-route-service.default,ts-travel-service.default,0,0,0
ts-admin-route-service.default,ts-ticketinfo-service.default,0,0,0
ts-admin-route-service.default,ts-basic-service.default,0,0,0
ts-admin-route-service.default,ts-route-service.default,2341.291666666667,24,77.21114990521771
ts-admin-route-service.default,ts-train-service.default,0,0,0
ts-admin-route-service.default,ts-price-service.default,0,0,0
ts-admin-route-service.default,ts-seat-service.default,0,0,0
ts-admin-route-service.default,ts-config-service.default,0,0,0
ts-admin-route-service.default,ts-food-service.default,0,0,0
ts-admin-route-service.default,ts-food-map-service.default,0,0,0
ts-admin-route-service.default,ts-contacts-service.default,0,0,0
ts-admin-route-service.default,ts-travel-plan-service.default,0,0,0
ts-admin-route-service.default,ts-route-plan-service.default,0,0,0
ts-admin-route-service.default,ts-travel2-service.default,0,0,0
ts-admin-route-service.default,ts-assurance-service.default,0,0,0
ts-admin-route-service.default,ts-admin-travel-service.default,0,0,0
ts-admin-route-service.default,ts-consign-service.default,0,0,0
ts-admin-route-service.default,ts-admin-basic-info-service.default,0,0,0
ts-admin-route-service.default,ts-admin-route-service.default,3063.9583333333335,24,132.81499365377096
ts-admin-route-service.default,ts-admin-user-service.default,0,0,0
ts-admin-route-service.default,ts-user-service.default,0,0,0
ts-admin-route-service.default,ts-inside-payment-service.default,0,0,0
ts-admin-route-service.default,ts-payment-service.default,0,0,0
ts-admin-route-service.default,ts-execute-service.default,0,0,0
ts-admin-route-service.default,ts-cancel-service.default,0,0,0
ts-admin-route-service.default,ts-notification-service.default,0,0,0
ts-admin-user-service.default,ts-ui-dashboard.default,0,0,0
ts-admin-user-service.default,ts-auth-service.default,0,0,0
ts-admin-user-service.default,ts-admin-order-service.default,0,0,0
ts-admin-user-service.default,ts-order-service.default,0,0,0
ts-admin-user-service.default,ts-order-other-service.default,0,0,0
ts-admin-user-service.default,ts-verification-code-service.default,0,0,0
ts-admin-user-service.default,ts-station-service.default,0,0,0
ts-admin-user-service.default,ts-travel-service.default,0,0,0
ts-admin-user-service.default,ts-ticketinfo-service.default,0,0,0
ts-admin-user-service.default,ts-basic-service.default,0,0,0
ts-admin-user-service.default,ts-route-service.default,0,0,0
ts-admin-user-service.default,ts-train-service.default,0,0,0
ts-admin-user-service.default,ts-price-service.default,0,0,0
ts-admin-user-service.default,ts-seat-service.default,0,0,0
ts-admin-user-service.default,ts-config-service.default,0,0,0
ts-admin-user-service.default,ts-food-service.default,0,0,0
ts-admin-user-service.default,ts-food-map-service.default,0,0,0
ts-admin-user-service.default,ts-contacts-service.default,0,0,0
ts-admin-user-service.default,ts-travel-plan-service.default,0,0,0
ts-admin-user-service.default,ts-route-plan-service.default,0,0,0
ts-admin-user-service.default,ts-travel2-service.default,0,0,0
ts-admin-user-service.default,ts-assurance-service.default,0,0,0
ts-admin-user-service.default,ts-admin-travel-service.default,0,0,0
ts-admin-user-service.default,ts-consign-service.default,0,0,0
ts-admin-user-service.default,ts-admin-basic-info-service.default,0,0,0
ts-admin-user-service.default,ts-admin-route-service.default,0,0,0
ts-admin-user-service.default,ts-admin-user-service.default,5915.847826086958,92,255.7655479995894
ts-admin-user-service.default,ts-user-service.default,5345.423913043478,92,244.39963360143582
ts-admin-user-service.default,ts-inside-payment-service.default,0,0,0
ts-admin-user-service.default,ts-payment-service.default,0,0,0
ts-admin-user-service.default,ts-execute-service.default,0,0,0
ts-admin-user-service.default,ts-cancel-service.default,0,0,0
ts-admin-user-service.default,ts-notification-service.default,0,0,0
ts-user-service.default,ts-ui-dashboard.default,0,0,0
ts-user-service.default,ts-auth-service.default,0,0,0
ts-user-service.default,ts-admin-order-service.default,0,0,0
ts-user-service.default,ts-order-service.default,0,0,0
ts-user-service.default,ts-order-other-service.default,0,0,0
ts-user-service.default,ts-verification-code-service.default,0,0,0
ts-user-service.default,ts-station-service.default,0,0,0
ts-user-service.default,ts-travel-service.default,0,0,0
ts-user-service.default,ts-ticketinfo-service.default,0,0,0
ts-user-service.default,ts-basic-service.default,0,0,0
ts-user-service.default,ts-route-service.default,0,0,0
ts-user-service.default,ts-train-service.default,0,0,0
ts-user-service.default,ts-price-service.default,0,0,0
ts-user-service.default,ts-seat-service.default,0,0,0
ts-user-service.default,ts-config-service.default,0,0,0
ts-user-service.default,ts-food-service.default,0,0,0
ts-user-service.default,ts-food-map-service.default,0,0,0
ts-user-service.default,ts-contacts-service.default,0,0,0
ts-user-service.default,ts-travel-plan-service.default,0,0,0
ts-user-service.default,ts-route-plan-service.default,0,0,0
ts-user-service.default,ts-travel2-service.default,0,0,0
ts-user-service.default,ts-assurance-service.default,0,0,0
ts-user-service.default,ts-admin-travel-service.default,0,0,0
ts-user-service.default,ts-consign-service.default,0,0,0
ts-user-service.default,ts-admin-basic-info-service.default,0,0,0
ts-user-service.default,ts-admin-route-service.default,0,0,0
ts-user-service.default,ts-admin-user-service.default,0,0,0
ts-user-service.default,ts-user-service.default,0,0,0
ts-user-service.default,ts-inside-payment-service.default,0,0,0
ts-user-service.default,ts-payment-service.default,0,0,0
ts-user-service.default,ts-execute-service.default,0,0,0
ts-user-service.default,ts-cancel-service.default,0,0,0
ts-user-service.default,ts-notification-service.default,0,0,0
ts-inside-payment-service.default,ts-ui-dashboard.default,0,0,0
ts-inside-payment-service.default,ts-auth-service.default,0,0,0
ts-inside-payment-service.default,ts-admin-order-service.default,0,0,0
ts-inside-payment-service.default,ts-order-service.default,12230.181818181822,22,2134.428860378285
ts-inside-payment-service.default,ts-order-other-service.default,0,0,0
ts-inside-payment-service.default,ts-verification-code-service.default,0,0,0
ts-inside-payment-service.default,ts-station-service.default,0,0,0
ts-inside-payment-service.default,ts-travel-service.default,0,0,0
ts-inside-payment-service.default,ts-ticketinfo-service.default,0,0,0
ts-inside-payment-service.default,ts-basic-service.default,0,0,0
ts-inside-payment-service.default,ts-route-service.default,0,0,0
ts-inside-payment-service.default,ts-train-service.default,0,0,0
ts-inside-payment-service.default,ts-price-service.default,0,0,0
ts-inside-payment-service.default,ts-seat-service.default,0,0,0
ts-inside-payment-service.default,ts-config-service.default,0,0,0
ts-inside-payment-service.default,ts-food-service.default,0,0,0
ts-inside-payment-service.default,ts-food-map-service.default,0,0,0
ts-inside-payment-service.default,ts-contacts-service.default,0,0,0
ts-inside-payment-service.default,ts-travel-plan-service.default,0,0,0
ts-inside-payment-service.default,ts-route-plan-service.default,0,0,0
ts-inside-payment-service.default,ts-travel2-service.default,0,0,0
ts-inside-payment-service.default,ts-assurance-service.default,0,0,0
ts-inside-payment-service.default,ts-admin-travel-service.default,0,0,0
ts-inside-payment-service.default,ts-consign-service.default,0,0,0
ts-inside-payment-service.default,ts-admin-basic-info-service.default,0,0,0
ts-inside-payment-service.default,ts-admin-route-service.default,0,0,0
ts-inside-payment-service.default,ts-admin-user-service.default,0,0,0
ts-inside-payment-service.default,ts-user-service.default,0,0,0
ts-inside-payment-service.default,ts-inside-payment-service.default,11102.90909090909,33,1444.6030833554532
ts-inside-payment-service.default,ts-payment-service.default,6183.727272727273,11,88.14130278251146
ts-inside-payment-service.default,ts-execute-service.default,0,0,0
ts-inside-payment-service.default,ts-cancel-service.default,0,0,0
ts-inside-payment-service.default,ts-notification-service.default,0,0,0
ts-payment-service.default,ts-ui-dashboard.default,0,0,0
ts-payment-service.default,ts-auth-service.default,0,0,0
ts-payment-service.default,ts-admin-order-service.default,0,0,0
ts-payment-service.default,ts-order-service.default,0,0,0
ts-payment-service.default,ts-order-other-service.default,0,0,0
ts-payment-service.default,ts-verification-code-service.default,0,0,0
ts-payment-service.default,ts-station-service.default,0,0,0
ts-payment-service.default,ts-travel-service.default,0,0,0
ts-payment-service.default,ts-ticketinfo-service.default,0,0,0
ts-payment-service.default,ts-basic-service.default,0,0,0
ts-payment-service.default,ts-route-service.default,0,0,0
ts-payment-service.default,ts-train-service.default,0,0,0
ts-payment-service.default,ts-price-service.default,0,0,0
ts-payment-service.default,ts-seat-service.default,0,0,0
ts-payment-service.default,ts-config-service.default,0,0,0
ts-payment-service.default,ts-food-service.default,0,0,0
ts-payment-service.default,ts-food-map-service.default,0,0,0
ts-payment-service.default,ts-contacts-service.default,0,0,0
ts-payment-service.default,ts-travel-plan-service.default,0,0,0
ts-payment-service.default,ts-route-plan-service.default,0,0,0
ts-payment-service.default,ts-travel2-service.default,0,0,0
ts-payment-service.default,ts-assurance-service.default,0,0,0
ts-payment-service.default,ts-admin-travel-service.default,0,0,0
ts-payment-service.default,ts-consign-service.default,0,0,0
ts-payment-service.default,ts-admin-basic-info-service.default,0,0,0
ts-payment-service.default,ts-admin-route-service.default,0,0,0
ts-payment-service.default,ts-admin-user-service.default,0,0,0
ts-payment-service.default,ts-user-service.default,0,0,0
ts-payment-service.default,ts-inside-payment-service.default,0,0,0
ts-payment-service.default,ts-payment-service.default,0,0,0
ts-payment-service.default,ts-execute-service.default,0,0,0
ts-payment-service.default,ts-cancel-service.default,0,0,0
ts-payment-service.default,ts-notification-service.default,0,0,0
ts-execute-service.default,ts-ui-dashboard.default,0,0,0
ts-execute-service.default,ts-auth-service.default,0,0,0
ts-execute-service.default,ts-admin-order-service.default,0,0,0
ts-execute-service.default,ts-order-service.default,4213.250000000001,44,320.59011948171826
ts-execute-service.default,ts-order-other-service.default,0,0,0
ts-execute-service.default,ts-verification-code-service.default,0,0,0
ts-execute-service.default,ts-station-service.default,0,0,0
ts-execute-service.default,ts-travel-service.default,0,0,0
ts-execute-service.default,ts-ticketinfo-service.default,0,0,0
ts-execute-service.default,ts-basic-service.default,0,0,0
ts-execute-service.default,ts-route-service.default,0,0,0
ts-execute-service.default,ts-train-service.default,0,0,0
ts-execute-service.default,ts-price-service.default,0,0,0
ts-execute-service.default,ts-seat-service.default,0,0,0
ts-execute-service.default,ts-config-service.default,0,0,0
ts-execute-service.default,ts-food-service.default,0,0,0
ts-execute-service.default,ts-food-map-service.default,0,0,0
ts-execute-service.default,ts-contacts-service.default,0,0,0
ts-execute-service.default,ts-travel-plan-service.default,0,0,0
ts-execute-service.default,ts-route-plan-service.default,0,0,0
ts-execute-service.default,ts-travel2-service.default,0,0,0
ts-execute-service.default,ts-assurance-service.default,0,0,0
ts-execute-service.default,ts-admin-travel-service.default,0,0,0
ts-execute-service.default,ts-consign-service.default,0,0,0
ts-execute-service.default,ts-admin-basic-info-service.default,0,0,0
ts-execute-service.default,ts-admin-route-service.default,0,0,0
ts-execute-service.default,ts-admin-user-service.default,0,0,0
ts-execute-service.default,ts-user-service.default,0,0,0
ts-execute-service.default,ts-inside-payment-service.default,0,0,0
ts-execute-service.default,ts-payment-service.default,0,0,0
ts-execute-service.default,ts-execute-service.default,4908.727272727272,44,341.8602041665179
ts-execute-service.default,ts-cancel-service.default,0,0,0
ts-execute-service.default,ts-notification-service.default,0,0,0
ts-cancel-service.default,ts-ui-dashboard.default,0,0,0
ts-cancel-service.default,ts-auth-service.default,0,0,0
ts-cancel-service.default,ts-admin-order-service.default,0,0,0
ts-cancel-service.default,ts-order-service.default,4223.69696969697,33,315.8463857995457
ts-cancel-service.default,ts-order-other-service.default,0,0,0
ts-cancel-service.default,ts-verification-code-service.default,0,0,0
ts-cancel-service.default,ts-station-service.default,0,0,0
ts-cancel-service.default,ts-travel-service.default,0,0,0
ts-cancel-service.default,ts-ticketinfo-service.default,0,0,0
ts-cancel-service.default,ts-basic-service.default,0,0,0
ts-cancel-service.default,ts-route-service.default,0,0,0
ts-cancel-service.default,ts-train-service.default,0,0,0
ts-cancel-service.default,ts-price-service.default,0,0,0
ts-cancel-service.default,ts-seat-service.default,0,0,0
ts-cancel-service.default,ts-config-service.default,0,0,0
ts-cancel-service.default,ts-food-service.default,0,0,0
ts-cancel-service.default,ts-food-map-service.default,0,0,0
ts-cancel-service.default,ts-contacts-service.default,0,0,0
ts-cancel-service.default,ts-travel-plan-service.default,0,0,0
ts-cancel-service.default,ts-route-plan-service.default,0,0,0
ts-cancel-service.default,ts-travel2-service.default,0,0,0
ts-cancel-service.default,ts-assurance-service.default,0,0,0
ts-cancel-service.default,ts-admin-travel-service.default,0,0,0
ts-cancel-service.default,ts-consign-service.default,0,0,0
ts-cancel-service.default,ts-admin-basic-info-service.default,0,0,0
ts-cancel-service.default,ts-admin-route-service.default,0,0,0
ts-cancel-service.default,ts-admin-user-service.default,0,0,0
ts-cancel-service.default,ts-user-service.default,2952.4545454545455,11,78.91320161056545
ts-cancel-service.default,ts-inside-payment-service.default,5647.909090909091,11,500.93352934940003
ts-cancel-service.default,ts-payment-service.default,0,0,0
ts-cancel-service.default,ts-execute-service.default,0,0,0
ts-cancel-service.default,ts-cancel-service.default,52939.01515151517,66,6133.395470015931
ts-cancel-service.default,ts-notification-service.default,289624.0909090909,11,17329.626553467457
ts-notification-service.default,ts-ui-dashboard.default,0,0,0
ts-notification-service.default,ts-auth-service.default,0,0,0
ts-notification-service.default,ts-admin-order-service.default,0,0,0
ts-notification-service.default,ts-order-service.default,0,0,0
ts-notification-service.default,ts-order-other-service.default,0,0,0
ts-notification-service.default,ts-verification-code-service.default,0,0,0
ts-notification-service.default,ts-station-service.default,0,0,0
ts-notification-service.default,ts-travel-service.default,0,0,0
ts-notification-service.default,ts-ticketinfo-service.default,0,0,0
ts-notification-service.default,ts-basic-service.default,0,0,0
ts-notification-service.default,ts-route-service.default,0,0,0
ts-notification-service.default,ts-train-service.default,0,0,0
ts-notification-service.default,ts-price-service.default,0,0,0
ts-notification-service.default,ts-seat-service.default,0,0,0
ts-notification-service.default,ts-config-service.default,0,0,0
ts-notification-service.default,ts-food-service.default,0,0,0
ts-notification-service.default,ts-food-map-service.default,0,0,0
ts-notification-service.default,ts-contacts-service.default,0,0,0
ts-notification-service.default,ts-travel-plan-service.default,0,0,0
ts-notification-service.default,ts-route-plan-service.default,0,0,0
ts-notification-service.default,ts-travel2-service.default,0,0,0
ts-notification-service.default,ts-assurance-service.default,0,0,0
ts-notification-service.default,ts-admin-travel-service.default,0,0,0
ts-notification-service.default,ts-consign-service.default,0,0,0
ts-notification-service.default,ts-admin-basic-info-service.default,0,0,0
ts-notification-service.default,ts-admin-route-service.default,0,0,0
ts-notification-service.default,ts-admin-user-service.default,0,0,0
ts-notification-service.default,ts-user-service.default,0,0,0
ts-notification-service.default,ts-inside-payment-service.default,0,0,0
ts-notification-service.default,ts-payment-service.default,0,0,0
ts-notification-service.default,ts-execute-service.default,0,0,0
ts-notification-service.default,ts-cancel-service.default,0,0,0
ts-notification-service.default,ts-notification-service.default,0,0,0
